project,package,class_name,smell_type,detector_reason,metrics,case_id,outer_class,inner_class
k-9-5.600,com.fsck.k9.mail.ssl,TrustManagerFactoryTest,Deficient Encapsulation,The tool detected the smell in this class because the class exposes fields belonging to it with public accessibility. Following fields are declared with public accessiblity: MATCHING_HOST; NOT_MATCHING_HOST; PORT1; PORT2; K9_EXAMPLE_COM_CERT1; K9_EXAMPLE_COM_CERT2; CA_CERT; CERT3; LINUX_COM_FIRST_PARENT_CERT; LINUX_COM_CERT; mKeyStoreFile; mKeyStore; mCert1; mCert2; mCaCert; mCert3; mLinuxComFirstParentCert; mLinuxComCert,{},k-9-5.600_0251e6efbbec,TrustManagerFactoryTest,
k-9-5.600,com.fsck.k9.mail.ssl,LocalKeyStore.LocalKeyStoreHolder,Unnecessary Abstraction,The tool detected the smell in this class because the class contains only a few data members without any method implementation that indicates that the abstraction might not be required. Following fields are declared in this class: INSTANCE,{},k-9-5.600_4f505b74f341,LocalKeyStore,LocalKeyStore.LocalKeyStoreHolder
k-9-5.600,com.fsck.k9.mail.ssl,LocalKeyStore.LocalKeyStoreHolder,Unutilized Abstraction,The tool detected the smell in this class because this class is potentially unused. (Please ignore the smell if the reported class is auto-generated and/or used to serve a specific known purpose.),{},k-9-5.600_99b09cb21a32,LocalKeyStore,LocalKeyStore.LocalKeyStoreHolder
k-9-5.600,com.fsck.k9.mail.ssl,KeyChainKeyManager,Unutilized Abstraction,The tool detected the smell in this class because this class is potentially unused. (Please ignore the smell if the reported class is auto-generated and/or used to serve a specific known purpose.),{},k-9-5.600_8c7565a086d5,KeyChainKeyManager,
k-9-5.600,com.fsck.k9.mail.ssl,TrustManagerFactory.SecureX509TrustManager,Unnecessary Abstraction,The tool detected the smell in this class because the class contains only a few data members without any method implementation that indicates that the abstraction might not be required. Following fields are declared in this class: mTrustManager; mHost; mPort,{},k-9-5.600_ca7e2263cb4d,TrustManagerFactory,TrustManagerFactory.SecureX509TrustManager
k-9-5.600,com.fsck.k9.mail.ssl,TrustManagerFactory.SecureX509TrustManager,Unutilized Abstraction,The tool detected the smell in this class because this class is potentially unused. (Please ignore the smell if the reported class is auto-generated and/or used to serve a specific known purpose.),{},k-9-5.600_f5dbd4de32fe,TrustManagerFactory,TrustManagerFactory.SecureX509TrustManager
k-9-5.600,com.fsck.k9.mail,XOAuth2ChallengeParserTest,Unnecessary Abstraction,The tool detected the smell in this class because the class contains only a few data members without any method implementation that indicates that the abstraction might not be required. Following fields are declared in this class: STATUS_400_RESPONSE; STATUS_401_RESPONSE; MISSING_STATUS_RESPONSE; INVALID_RESPONSE,{},k-9-5.600_4b4cf7887a94,XOAuth2ChallengeParserTest,
k-9-5.600,com.fsck.k9.mail,XOAuth2ChallengeParserTest,Deficient Encapsulation,The tool detected the smell in this class because the class exposes fields belonging to it with public accessibility. Following fields are declared with public accessiblity: STATUS_400_RESPONSE; STATUS_401_RESPONSE; MISSING_STATUS_RESPONSE; INVALID_RESPONSE,{},k-9-5.600_b5c0f7eec6c0,XOAuth2ChallengeParserTest,
k-9-5.600,com.fsck.k9.mail,K9LibRobolectricTestRunner,Unutilized Abstraction,The tool detected the smell in this class because this class is potentially unused. (Please ignore the smell if the reported class is auto-generated and/or used to serve a specific known purpose.),{},k-9-5.600_b8dc334518a4,K9LibRobolectricTestRunner,
